Workbook

Sheet Sheet2
A1: SUMMARY OUTPUT
B3: Coefficients | F3: Calculations
A4: Intercept | B4: 18.131459 | C4: c
A5: IQ | B5: 0.26487198 | C5: m1 | F5: Name: | H5: Mr. Masood
A6: Motivation | B6: 0.30819556 | C6: m2
A7: Annual Salary | B7: 0.16396138 | C7: m3 | G7: IQ | H7: MOT | I7: AS
G8: x1 | H8: x2 | I8: x3
G9: =Dashboard!$C$9 -> 84 | H9: =Dashboard!$H$9 -> 76 | I9: =Dashboard!$M$9 -> 58
G11: y | H11: m1*x1+m2*x2+m3*x3+c
F12: Performance | H12: =B5*G9+B6*H9+B7*I9+B4 -> 73.313328
F15: Result | H15: =IF(H12>=75,"SELECTED","REJECTED") -> REJECTED

Sheet Data
A1: Name | B1: Performance | C1: IQ | D1: Motivation | E1: Annual Salary
A2: Reetu Rani | B2: 85 | C2: 109 | D2: 89 | E2: 73
A3: Akshya | B3: 84 | C3: 106 | D3: 84 | E3: 80
A4: Akshya Bhatt | B4: 87 | C4: 125 | D4: 59 | E4: 67 | J4: Performance | K4: IQ | L4: Motivation | M4: Annual Salary
A5: Dilip | B5: 69 | C5: 84 | D5: 60 | E5: 58 | I5: MAX | J5: =MAX(B2:B61) -> 99 | K5: =MAX(C2:C61) -> 145 | L5: =MAX(D2:D61) -> 97 | M5: =MAX(E2:E61) -> 93
A6: Kiran Babu | B6: 69 | C6: 89 | D6: 60 | E6: 67 | I6: MIN | J6: =MIN(B1:B61) -> 62 | K6: =MIN(C1:C61) -> 73 | L6: =MIN(D1:D61) -> 32 | M6: =MIN(E1:E61) -> 44
A7: Nitin K | B7: 81 | C7: 109 | D7: 62 | E7: 75 | I7: MEAN | J7: =AVERAGE(B2,B2:B61) -> 78.229508 | K7: =AVERAGE(C2,C2:C61) -> 106.68852 | L7: =AVERAGE(D2,D2:D61) -> 67.311475 | M7: =AVERAGE(E2,E2:E61) -> 67.803279
A8: Anuj Aggrwal | B8: 71 | C8: 121 | D8: 67 | E8: 55 | I8: MEDIAN | J8: =MEDIAN(B2:B61) -> 78.5 | K8: =MEDIAN(C2:C61) -> 105.5 | L8: =MEDIAN(D2:D61) -> 65.5 | M8: =MEDIAN(E2:E61) -> 67.5
A9: Ronit Kundu | B9: 76 | C9: 102 | D9: 44 | E9: 73 | I9: MODE | J9: =MODE(B2:B61) -> 81 | K9: =MODE(C2:C61) -> 104 | L9: =MODE(D2:D61) -> 58 | M9: =MODE(E2:E61) -> 75
A10: Avik Ghosh | B10: 77 | C10: 111 | D10: 68 | E10: 60 | I10: RANGE | J10: =J5-J6 -> 37 | K10: =K5-K6 -> 72 | L10: =L5-L6 -> 65 | M10: =M5-M6 -> 49
A11: Priyanka Kundalia | B11: 76 | C11: 106 | D11: 63 | E11: 54
A12: Shiv Kumar | B12: 90 | C12: 107 | D12: 93 | E12: 75
A13: Rasika | B13: 74 | C13: 97 | D13: 52 | E13: 58
A14: Bhavna Tulsian | B14: 74 | C14: 133 | D14: 60 | E14: 50
A15: Aditya Raval | B15: 65 | C15: 96 | D15: 52 | E15: 74
A16: MVL Manikantan | B16: 66 | C16: 97 | D16: 65 | E16: 81
A17: Meher Legha | B17: 73 | C17: 116 | D17: 62 | E17: 45
A18: Tanay Singh | B18: 80 | C18: 108 | D18: 74 | E18: 92
A19: Rohan Bharaj | B19: 96 | C19: 102 | D19: 84 | E19: 84
A20: Utkarsh Bali | B20: 77 | C20: 94 | D20: 78 | E20: 79
A21: Roger Vaguez | B21: 73 | C21: 98 | D21: 71 | E21: 68
A22: Amn Kumar | B22: 70 | C22: 87 | D22: 63 | E22: 62 | I22: 1 d 1i
A23: Dinesh Sairam | B23: 68 | C23: 104 | D23: 57 | E23: 53
A24: Soumya Devi K.T | B24: 66 | C24: 85 | D24: 57 | E24: 51
A25: Saurav George | B25: 86 | C25: 145 | D25: 64 | E25: 74
A26: Jyoti Dixit | B26: 88 | C26: 105 | D26: 76 | E26: 90
A27: Shashank Prem Kumar | B27: 82 | C27: 96 | D27: 71 | E27: 63
A28: Sneha James | B28: 85 | C28: 103 | D28: 85 | E28: 81
A29: Priyanka M.V | B29: 78 | C29: 115 | D29: 56 | E29: 75
A30: Alwin Sebastin | B30: 87 | C30: 135 | D30: 61 | E30: 61
A31: Arun Joy | B31: 72 | C31: 104 | D31: 58 | E31: 53
A32: Sreelakshmi Surendran | B32: 87 | C32: 126 | D32: 83 | E32: 59
A33: Christy Joseph | B33: 81 | C33: 121 | D33: 70 | E33: 81
A34: Kiran Babu | B34: 83 | C34: 106 | D34: 72 | E34: 88
... A61: Srinivas | B61: 92 | C61: 130 | D61: 58 | E61: 75

Sheet Correlation_Matrix
B1: Performance | C1: IQ | D1: Motivation | E1: Annual Salary
A2: Performance | B2: 1
A3: IQ | B3: 0.47378037 | C3: 1
A4: Motivation | B4: 0.63486569 | C4: 0.04687791 | D4: 1
A5: Annual Salary | B5: 0.39692818 | C5: -0.091805172 | D5: 0.36339641 | E5: 1

Sheet Dashboard
B2: AMAZON HR ANALYSIS DASHBOARD
C6: IQ | H6: MOTIVATION | M6: SALARY
C9: 84 | H9: 76 | M9: 58
E15: PERFORMANCE | K15: HIRING STATUS
E18: =Sheet2!$H$12 -> 73.313328 | K18: =Sheet2!$H$15 -> REJECTED
